﻿<?xml version="1.0" encoding="utf-8" ?>
<resources>

  <string-array name="SeekbarArray">
    <item>18</item>
    <item>25</item>
    <item>50</item>
    <item>75</item>
  </string-array>
 
  <string-array name="LanguageArray">
    <item>English</item>
    <item>Arabic</item>
    <item>Dutch</item>
    <item>French</item>
    <item>German</item>
    <item>Italian</item>
    <item>Portuguese</item>
    <item>Russian</item>
    <item>Spanish</item>
    <item>Turkish</item>
  </string-array>

  <string-array name="RelationShipArray">
    <item>Single</item>
    <item>Married</item>
  </string-array>

  <string-array name="WorkStatusArray">
    <item>"I&apos;m studying"</item>
    <item>"I&apos;m working"</item>
    <item>"I&apos;m looking for work"</item>
    <item>"I&apos;m retired"</item>
    <item>"I&apos;m Employed"</item>
    <item>Other</item>
  </string-array>

  <string-array name="EducationArray">
    <item>Secondary school</item>
    <item>ITI</item>
    <item>College</item>
    <item>University</item>
    <item>Advanced degree</item>
    <item>Other</item>
  </string-array>

  <string-array name="HairColorArray">
    <item>Brown</item>
    <item>Black</item>
    <item>White</item>
    <item>Sandy</item>
    <item>Gray or Partially Gray</item>
    <item>Red/Auburn</item>
    <item>Blond/Strawberry</item>
    <item>Blue</item>
    <item>Green</item>
    <item>Orange</item>
    <item>Pink</item>
    <item>Purple</item>
    <item>Partly or Completely Bald</item>
    <item>Other</item>
  </string-array>
  
  <string-array name="BodyArray">
    <item>Slim</item>
    <item>Sporty</item>
    <item>Curvy</item>
    <item>Round</item>
    <item>Supermodel</item>
    <item>Average</item>
    <item>Other</item>
  </string-array>

  <string-array name="EthnicityArray">
    <item>White</item>
    <item>Black</item>
    <item>Middle Eastern</item>
    <item>North African</item>
    <item>Latin American</item>
    <item>Mixed</item>
    <item>Asian</item>
    <item>Other</item>
  </string-array>
 
  <string-array name="PetsArray">
    <item>None</item>
    <item>Have pets</item>
  </string-array>
 
  <string-array name="FriendsArray">
    <item>No friends</item>
    <item>Some friends</item>
    <item>Many friends</item>
    <item>Only good friends</item>
  </string-array>
 
  <string-array name="ChildrenArray">
    <item>No, never</item>
    <item>Someday, maybe</item>
    <item>Expecting</item>
    <item>I already have kids</item>
    <item>"I have kids and don&apos;t want more"</item>
  </string-array>
 
  <string-array name="CharacterArray">
    <item>Accommodating</item>
    <item>Adventurous</item>
    <item>Calm</item>
    <item>Careless</item>
    <item>Cheerful</item>
    <item>Demanding</item>
    <item>Extroverted</item>
    <item>Honest</item>
    <item>Generous</item>
    <item>Humorous</item>
    <item>Introverted</item>
    <item>Liberal</item>
    <item>Lively</item>
    <item>Loner</item>   
    <item>Nervous</item>
    <item>Possessive</item>
    <item>Quiet</item>
    <item>Reserved</item>
    <item>Sensitive</item>
    <item>Shy</item>
    <item>Social</item>
    <item>Spontaneous</item>
    <item>Stubborn</item>
    <item>Suspicious</item>
    <item>Thoughtful</item>
    <item>Proud</item>
    <item>Considerate</item>
    <item>Friendly</item>
    <item>Polite</item>
    <item>Reliable</item>
    <item>Careful</item>
    <item>Helpful</item>
    <item>Patient</item>
    <item>Optimistic</item>
  </string-array>

  <string-array name="TravelArray">
    <item>Yes, all the time</item>
    <item>Yes, sometimes</item>
    <item>Not very much</item>
    <item>No</item>
  </string-array>
 
  <string-array name="DrinkArray">
    <item>Never</item>
    <item>I drink sometimes</item>
  </string-array>

  <string-array name="SmokeArray">
    <item>Never</item>
    <item>I smoke sometimes</item>
    <item>Chain Smoker</item>
  </string-array>
 
  <string-array name="ReligionArray">
    <item>Muslim</item>
    <item>Atheist</item>
    <item>Buddhist</item>
    <item>Catholic</item>
    <item>Christian</item>
    <item>Hindu</item>
    <item>Jewish</item>
    <item>Agnostic</item>
    <item>Sikh</item>
    <item>Other</item>
  </string-array>

 <string-array name="CarArray">
    <item>None</item>
    <item>My own car</item> 
  </string-array>
 
  <string-array name="LiveWithArray">
    <item>Alone</item>
    <item>Parents</item> 
    <item>Friends</item> 
    <item>Partner</item> 
    <item>Children</item> 
    <item>Other</item> 
  </string-array>

  <string-array name="HeightArray">
    <item>139</item>
    <item>140</item>
    <item>141</item>
    <item>142</item>
    <item>143</item>
    <item>144</item>
    <item>145</item>
    <item>146</item>
    <item>147</item>
    <item>148</item>
    <item>149</item>
    <item>150</item>
    <item>151</item>
    <item>152</item>
    <item>153</item>
    <item>154</item>
    <item>155</item>
    <item>156</item>
    <item>157</item>
    <item>158</item>
    <item>159</item>
    <item>160</item>
    <item>161</item>
    <item>162</item>
    <item>163</item>
    <item>164</item>
    <item>165</item>
    <item>166</item>
    <item>167</item>
    <item>168</item>
    <item>169</item>
    <item>170</item>
    <item>171</item>
    <item>172</item>
    <item>173</item>
    <item>174</item>
    <item>175</item>
    <item>176</item>
    <item>177</item>
    <item>178</item>
    <item>179</item>
    <item>180</item>
    <item>181</item>
    <item>182</item>
    <item>183</item>
    <item>184</item>
    <item>185</item>
    <item>186</item>
    <item>187</item>
    <item>188</item>
    <item>189</item>
    <item>190</item>
    <item>191</item>
    <item>192</item>
    <item>193</item>
    <item>194</item>
    <item>195</item>
    <item>196</item>
    <item>197</item>
    <item>198</item>
    <item>199</item>
    <item>200</item>
    <item>201</item>
    <item>202</item>
    <item>203</item>
    <item>204</item>
    <item>205</item>
    <item>206</item>
    <item>207</item>
    <item>208</item>
    <item>209</item>
    <item>210</item>
    <item>211</item>
    <item>212</item>
    <item>213</item>
    <item>214</item>
    <item>215</item>
    <item>216</item>
    <item>217</item>
    <item>218</item>
    <item>218</item>
    <item>220</item>
  </string-array>

  <string-array name="countriesArray_id">
   <item>AF</item>
   <item>AX</item>
   <item>AL</item>
   <item>DZ</item>
   <item>AS</item>
   <item>AD</item>
   <item>AO</item>
   <item>AI</item>
   <item>AQ</item>
   <item>AG</item>
   <item>AR</item>
   <item>AM</item>
   <item>AW</item>
   <item>AU</item>
   <item>AT</item>
   <item>AZ</item>
   <item>BS</item>
   <item>BH</item>
   <item>BD</item>
   <item>BB</item>
   <item>BY</item>
   <item>BE</item>
   <item>BZ</item>
   <item>BJ</item>
   <item>BM</item>
   <item>BT</item>
   <item>BO</item>
   <item>BA</item>
   <item>BW</item>
   <item>BV</item>
   <item>BR</item>
   <item>IO</item>
   <item>BN</item>
   <item>BG</item>
   <item>BF</item>
   <item>BI</item>
   <item>KH</item>
   <item>CM</item>
   <item>CA</item>
   <item>CV</item>
   <item>KY</item>
   <item>CF</item>
   <item>TD</item>
   <item>CL</item>
   <item>CN</item>
   <item>CX</item>
   <item>CC</item>
   <item>CO</item>
   <item>KM</item>
   <item>CG</item>
   <item>CD</item>
   <item>CK</item>
   <item>CR</item>
   <item>CI</item>
   <item>HR</item>
   <item>CU</item>
   <item>CY</item>
   <item>CZ</item>
   <item>DK</item>
   <item>DJ</item>
   <item>DM</item>
   <item>DO</item>
   <item>EC</item>
   <item>EG</item>
   <item>SV</item>
   <item>GQ</item>
   <item>ER</item>
   <item>EE</item>
   <item>ET</item>
   <item>FK</item>
   <item>FO</item>
   <item>FJ</item>
   <item>FI</item>
   <item>FR</item>
   <item>GF</item>
   <item>PF</item>
   <item>TF</item>
   <item>GA</item>
   <item>GM</item>
   <item>GE</item>
   <item>DE</item>
   <item>GH</item>
   <item>GI</item>
   <item>GR</item>
   <item>GL</item>
   <item>GD</item>
   <item>GP</item>
   <item>GU</item>
   <item>GT</item>
   <item>GG</item>
   <item>GN</item>
   <item>GW</item>
   <item>GY</item>
   <item>HT</item>
   <item>HM</item>
   <item>VA</item>
   <item>HN</item>
   <item>HK</item>
   <item>HU</item>
   <item>IS</item>
   <item>IN</item>
   <item>ID</item>
   <item>IR</item>
   <item>IQ</item>
   <item>IE</item>
   <item>IM</item>
   <item>IL</item>
   <item>IT</item>
   <item>JM</item>
   <item>JP</item>
   <item>JE</item>
   <item>JO</item>
   <item>KZ</item>
   <item>KE</item>
   <item>KI</item>
   <item>KP</item>
   <item>KR</item>
   <item>KW</item>
   <item>KG</item>
   <item>LA</item>
   <item>LV</item>
   <item>LB</item>
   <item>LS</item>
   <item>LR</item>
   <item>LY</item>
   <item>LI</item>
   <item>LT</item>
   <item>LU</item>
   <item>MO</item>
   <item>MK</item>
   <item>MG</item>
   <item>MW</item>
   <item>MY</item>
   <item>MV</item>
   <item>ML</item>
   <item>MT</item>
   <item>MH</item>
   <item>MQ</item>
   <item>MR</item>
   <item>MU</item>
   <item>YT</item>
   <item>MX</item>
   <item>FM</item>
   <item>MD</item>
   <item>MC</item>
   <item>MN</item>
   <item>ME</item>
   <item>MS</item>
   <item>MA</item>
   <item>MZ</item>
   <item>MM</item>
   <item>NA</item>
   <item>NR</item>
   <item>NP</item>
   <item>NL</item>
   <item>AN</item>
   <item>NC</item>
   <item>NZ</item>
   <item>NI</item>
   <item>NE</item>
   <item>NG</item>
   <item>NU</item>
   <item>NF</item>
   <item>MP</item>
   <item>NO</item>
   <item>OM</item>
   <item>PK</item>
   <item>PW</item>
   <item>PS</item>
   <item>PA</item>
   <item>PG</item>
   <item>PY</item>
   <item>PE</item>
   <item>PH</item>
   <item>PN</item>
   <item>PL</item>
   <item>PT</item>
   <item>PR</item>
   <item>QA</item>
   <item>RE</item>
   <item>RO</item>
   <item>RU</item>
   <item>RW</item>
   <item>SH</item>
   <item>KN</item>
   <item>LC</item>
   <item>PM</item>
   <item>VC</item>
   <item>WS</item>
   <item>SM</item>
   <item>ST</item>
   <item>SA</item>
   <item>SN</item>
   <item>RS</item>
   <item>SC</item>
   <item>SL</item>
   <item>SG</item>
   <item>SK</item>
   <item>SI</item>
   <item>SB</item>
   <item>SO</item>
   <item>ZA</item>
   <item>SS</item>
   <item>GS</item>
   <item>ES</item>
   <item>LK</item>
   <item>SD</item>
   <item>SR</item>
   <item>SJ</item>
   <item>SZ</item>
   <item>SE</item>
   <item>CH</item>
   <item>SY</item>
   <item>TW</item>
   <item>TJ</item>
   <item>TZ</item>
   <item>TH</item>
   <item>TL</item>
   <item>TG</item>
   <item>TK</item>
   <item>TO</item>
   <item>TT</item>
   <item>TN</item>
   <item>TR</item>
   <item>TM</item>
   <item>TC</item>
   <item>TV</item>
   <item>UG</item>
   <item>UA</item>
   <item>AE</item>
   <item>GB</item>
   <item>US</item>
   <item>UM</item>
   <item>UY</item>
   <item>UZ</item>
   <item>VU</item>
   <item>VE</item>
   <item>VN</item>
   <item>VG</item>
   <item>VI</item>
   <item>WF</item>
   <item>EH</item>
   <item>YE</item>
   <item>ZM</item>
    <item>ZW</item>
  </string-array>
 
  <string-array name="countriesArray">
    <item>Afghanistan</item>
    <item>Åland Islands</item>
    <item>Albania</item>
    <item>Algeria</item>
    <item>American Samoa</item>
    <item>Andorra</item>
    <item>Angola</item>
    <item>Anguilla</item>
    <item>Antarctica</item>
    <item>Antigua and Barbuda</item>
    <item>Argentina</item>
    <item>Armenia</item>
    <item>Aruba</item>
    <item>Australia</item>
    <item>Austria</item>
    <item>Azerbaijan</item>
    <item>Bahamas</item>
    <item>Bahrain</item>
    <item>Bangladesh</item>
    <item>Barbados</item>
    <item>Belarus</item>
    <item>Belgium</item>
    <item>Belize</item>
    <item>Benin</item>
    <item>Bermuda</item>
    <item>Bhutan</item>
    <item>Bolivia</item>
    <item>Bosnia and Herzegovina</item>
    <item>Botswana</item>
    <item>Bouvet Island</item>
    <item>Brazil</item>
    <item>British Indian Ocean Territory</item>
    <item>Brunei Darussalam</item>
    <item>Bulgaria</item>
    <item>Burkina Faso</item>
    <item>Burundi</item>
    <item>Cambodia</item>
    <item>Cameroon</item>
    <item>Canada</item>
    <item>Cape Verde</item>
    <item>Cayman Islands</item>
    <item>Central African Republic</item>
    <item>Chad</item>
    <item>Chile</item>
    <item>China</item>
    <item>Christmas Island</item>
    <item>Cocos (Keeling) Islands</item>
    <item>Colombia</item>
    <item>Comoros</item>
    <item>Congo</item>
    <item>The Democratic Republic of The Congo</item>
    <item>Cook Islands</item>
    <item>Costa Rica</item>
    <item>"Cote D&apos;ivoire"</item>
    <item>Croatia</item>
    <item>Cuba</item>
    <item>Cyprus</item>
    <item>Czech Republic</item>
    <item>Denmark</item>
    <item>Djibouti</item>
    <item>Dominica</item>
    <item>Dominican Republic</item>
    <item>Ecuador</item>
    <item>Egypt</item>
    <item>El Salvador</item>
    <item>Equatorial Guinea</item>
    <item>Eritrea</item>
    <item>Estonia</item>
    <item>Ethiopia</item>
    <item>Falkland Islands (Malvinas)</item>
    <item>Faroe Islands</item>
    <item>Fiji</item>
    <item>Finland</item>
    <item>France</item>
    <item>French Guiana</item>
    <item>French Polynesia</item>
    <item>French Southern Territories</item>
    <item>Gabon</item>
    <item>Gambia</item>
    <item>Georgia</item>
    <item>Germany</item>
    <item>Ghana</item>
    <item>Gibraltar</item>
    <item>Greece</item>
    <item>Greenland</item>
    <item>Grenada</item>
    <item>Guadeloupe</item>
    <item>Guam</item>
    <item>Guatemala</item>
    <item>Guernsey</item>
    <item>Guinea</item>
    <item>Guinea-bissau</item>
    <item>Guyana</item>
    <item>Haiti</item>
    <item>Heard Island and Mcdonald Islands</item>
    <item>Holy See (Vatican City State)</item>
    <item>Honduras</item>
    <item>Hong Kong</item>
    <item>Hungary</item>
    <item>Iceland</item>
    <item>India</item>
    <item>Indonesia</item>
    <item>Iran</item>
    <item>Iraq</item>
    <item>Ireland</item>
    <item>Isle of Man</item>
    <item>Israel</item>
    <item>Italy</item>
    <item>Jamaica</item>
    <item>Japan</item>
    <item>Jersey</item>
    <item>Jordan</item>
    <item>Kazakhstan</item>
    <item>Kenya</item>
    <item>Kiribati</item>
    <item>"Democratic People&apos;s Republic of Korea"</item>
    <item>Republic of Korea</item>
    <item>Kuwait</item>
    <item>Kyrgyzstan</item>
    <item>"Lao People&apos;s Democratic Republic"</item>
    <item>Latvia</item>
    <item>Lebanon</item>
    <item>Lesotho</item>
    <item>Liberia</item>
    <item>Libya</item>
    <item>Liechtenstein</item>
    <item>Lithuania</item>
    <item>Luxembourg</item>
    <item>Macao</item>
    <item>Macedonia</item>
    <item>Madagascar</item>
    <item>Malawi</item>
    <item>Malaysia</item>
    <item>Maldives</item>
    <item>Mali</item>
    <item>Malta</item>
    <item>Marshall Islands</item>
    <item>Martinique</item>
    <item>Mauritania</item>
    <item>Mauritius</item>
    <item>Mayotte</item>
    <item>Mexico</item>
    <item>Micronesia</item>
    <item>Moldova</item>
    <item>Monaco</item>
    <item>Mongolia</item>
    <item>Montenegro</item>
    <item>Montserrat</item>
    <item>Morocco</item>
    <item>Mozambique</item>
    <item>Myanmar</item>
    <item>Namibia</item>
    <item>Nauru</item>
    <item>Nepal</item>
    <item>Netherlands</item>
    <item>Netherlands Antilles</item>
    <item>New Caledonia</item>
    <item>New Zealand</item>
    <item>Nicaragua</item>
    <item>Niger</item>
    <item>Nigeria</item>
    <item>Niue</item>
    <item>Norfolk Island</item>
    <item>Northern Mariana Islands</item>
    <item>Norway</item>
    <item>Oman</item>
    <item>Pakistan</item>
    <item>Palau</item>
    <item>Palestinia</item>
    <item>Panama</item>
    <item>Papua New Guinea</item>
    <item>Paraguay</item>
    <item>Peru</item>
    <item>Philippines</item>
    <item>Pitcairn</item>
    <item>Poland</item>
    <item>Portugal</item>
    <item>Puerto Rico</item>
    <item>Qatar</item>
    <item>Reunion</item>
    <item>Romania</item>
    <item>Russian Federation</item>
    <item>Rwanda</item>
    <item>Saint Helena</item>
    <item>Saint Kitts and Nevis</item>
    <item>Saint Lucia</item>
    <item>Saint Pierre and Miquelon</item>
    <item>Saint Vincent and The Grenadines</item>
    <item>Samoa</item>
    <item>San Marino</item>
    <item>Sao Tome and Principe</item>
    <item>Saudi Arabia</item>
    <item>Senegal</item>
    <item>Serbia</item>
    <item>Seychelles</item>
    <item>Sierra Leone</item>
    <item>Singapore</item>
    <item>Slovakia</item>
    <item>Slovenia</item>
    <item>Solomon Islands</item>
    <item>Somalia</item>
    <item>South Africa</item>
    <item>South Sudan</item>
    <item>South Georgia and The South Sandwich Islands</item>
    <item>Spain</item>
    <item>Sri Lanka</item>
    <item>Sudan</item>
    <item>Suriname</item>
    <item>Svalbard and Jan Mayen</item>
    <item>Swaziland</item>
    <item>Sweden</item>
    <item>Switzerland</item>
    <item>Syrian Arab Republic</item>
    <item>Taiwan, Province of China</item>
    <item>Tajikistan</item>
    <item>Tanzania, United Republic of</item>
    <item>Thailand</item>
    <item>Timor-leste</item>
    <item>Togo</item>
    <item>Tokelau</item>
    <item>Tonga</item>
    <item>Trinidad and Tobago</item>
    <item>Tunisia</item>
    <item>Turkey</item>
    <item>Turkmenistan</item>
    <item>Turks and Caicos Islands</item>
    <item>Tuvalu</item>
    <item>Uganda</item>
    <item>Ukraine</item>
    <item>United Arab Emirates</item>
    <item>United Kingdom</item>
    <item>United States</item>
    <item>United States Minor Outlying Islands</item>
    <item>Uruguay</item>
    <item>Uzbekistan</item>
    <item>Vanuatu</item>
    <item>Venezuela</item>
    <item>Vietnam</item>
    <item>Virgin Islands, British</item>
    <item>Virgin Islands, U.S.</item>
    <item>Wallis and Futuna</item>
    <item>Western Sahara</item>
    <item>Yemen</item>
    <item>Zambia</item>
    <item>Zimbabwe</item>
  </string-array>
</resources>